{
    "dataset_name": "current_01200nA_noEC", 
    "current": -1.2, 
    "fascicle_ap_counter": {
        "Fascicle_04": 1, 
        "Fascicle_05": 7, 
        "Fascicle_06": 34, 
        "Fascicle_00": 31, 
        "Fascicle_01": 81, 
        "Fascicle_02": 46, 
        "Fascicle_03": 6
    }, 
    "total_number_APs": 206, 
    "AP times": {
        "0": "nan", 
        "1": "nan", 
        "2": "nan", 
        "3": "nan", 
        "4": "nan", 
        "5": "nan", 
        "6": "nan", 
        "7": "nan", 
        "8": "nan", 
        "9": "nan", 
        "10": "nan", 
        "11": "nan", 
        "12": "nan", 
        "13": "nan", 
        "14": "nan", 
        "15": "nan", 
        "16": "nan", 
        "17": "nan", 
        "18": "nan", 
        "19": "nan", 
        "20": "nan", 
        "21": "nan", 
        "22": "nan", 
        "23": "nan", 
        "24": "nan", 
        "25": "nan", 
        "26": "nan", 
        "27": "nan", 
        "28": "nan", 
        "29": "nan", 
        "30": "nan", 
        "31": "nan", 
        "32": "nan", 
        "33": "nan", 
        "34": "nan", 
        "35": "nan", 
        "36": "nan", 
        "37": "nan", 
        "38": "nan", 
        "39": "nan", 
        "40": "nan", 
        "41": "nan", 
        "42": "nan", 
        "43": "nan", 
        "44": "nan", 
        "45": "nan", 
        "46": "nan", 
        "47": "nan", 
        "48": "nan", 
        "49": "nan", 
        "50": "nan", 
        "51": "nan", 
        "52": "nan", 
        "53": 0.385, 
        "54": "nan", 
        "55": "nan", 
        "56": "nan", 
        "57": "nan", 
        "58": "nan", 
        "59": "nan", 
        "60": "nan", 
        "61": "nan", 
        "62": "nan", 
        "63": "nan", 
        "64": "nan", 
        "65": "nan", 
        "66": "nan", 
        "67": "nan", 
        "68": "nan", 
        "69": "nan", 
        "70": "nan", 
        "71": "nan", 
        "72": "nan", 
        "73": "nan", 
        "74": "nan", 
        "75": "nan", 
        "76": "nan", 
        "77": "nan", 
        "78": "nan", 
        "79": "nan", 
        "80": "nan", 
        "81": "nan", 
        "82": "nan", 
        "83": "nan", 
        "84": "nan", 
        "85": "nan", 
        "86": "nan", 
        "87": 0.27999999999999997, 
        "88": "nan", 
        "89": "nan", 
        "90": "nan", 
        "91": "nan", 
        "92": "nan", 
        "93": "nan", 
        "94": "nan", 
        "95": "nan", 
        "96": 0.285, 
        "97": "nan", 
        "98": "nan", 
        "99": "nan", 
        "100": "nan", 
        "101": "nan", 
        "102": "nan", 
        "103": "nan", 
        "104": "nan", 
        "105": "nan", 
        "106": "nan", 
        "107": "nan", 
        "108": "nan", 
        "109": "nan", 
        "110": "nan", 
        "111": "nan", 
        "112": "nan", 
        "113": "nan", 
        "114": "nan", 
        "115": "nan", 
        "116": "nan", 
        "117": "nan", 
        "118": "nan", 
        "119": "nan", 
        "120": "nan", 
        "121": "nan", 
        "122": "nan", 
        "123": "nan", 
        "124": "nan", 
        "125": "nan", 
        "126": "nan", 
        "127": "nan", 
        "128": "nan", 
        "129": "nan", 
        "130": "nan", 
        "131": "nan", 
        "132": "nan", 
        "133": "nan", 
        "134": "nan", 
        "135": "nan", 
        "136": "nan", 
        "137": "nan", 
        "138": "nan", 
        "139": "nan", 
        "140": "nan", 
        "141": "nan", 
        "142": 0.395, 
        "143": "nan", 
        "144": "nan", 
        "145": "nan", 
        "146": "nan", 
        "147": "nan", 
        "148": "nan", 
        "149": "nan", 
        "150": "nan", 
        "151": 0.5, 
        "152": "nan", 
        "153": "nan", 
        "154": "nan", 
        "155": "nan", 
        "156": "nan", 
        "157": 0.395, 
        "158": "nan", 
        "159": "nan", 
        "160": "nan", 
        "161": "nan", 
        "162": "nan", 
        "163": "nan", 
        "164": "nan", 
        "165": "nan", 
        "166": "nan", 
        "167": "nan", 
        "168": "nan", 
        "169": "nan", 
        "170": 0.485, 
        "171": "nan", 
        "172": "nan", 
        "173": "nan", 
        "174": 0.29, 
        "175": "nan", 
        "176": "nan", 
        "177": "nan", 
        "178": "nan", 
        "179": "nan", 
        "180": "nan", 
        "181": "nan", 
        "182": "nan", 
        "183": "nan", 
        "184": "nan", 
        "185": "nan", 
        "186": 0.335, 
        "187": 0.16, 
        "188": "nan", 
        "189": "nan", 
        "190": 0.22999999999999998, 
        "191": "nan", 
        "192": 0.395, 
        "193": "nan", 
        "194": 0.31, 
        "195": 0.29, 
        "196": "nan", 
        "197": "nan", 
        "198": 0.225, 
        "199": "nan", 
        "200": "nan", 
        "201": "nan", 
        "202": "nan", 
        "203": 0.265, 
        "204": "nan", 
        "205": "nan", 
        "206": 0.32, 
        "207": 0.175, 
        "208": 0.29, 
        "209": 0.265, 
        "210": 0.235, 
        "211": 0.195, 
        "212": "nan", 
        "213": 0.255, 
        "214": "nan", 
        "215": "nan", 
        "216": "nan", 
        "217": "nan", 
        "218": "nan", 
        "219": 0.16999999999999998, 
        "220": 0.18, 
        "221": "nan", 
        "222": 0.18, 
        "223": 0.195, 
        "224": 0.18, 
        "225": 0.235, 
        "226": "nan", 
        "227": 0.38, 
        "228": 0.52, 
        "229": 0.315, 
        "230": "nan", 
        "231": "nan", 
        "232": "nan", 
        "233": 0.25, 
        "234": 0.425, 
        "235": "nan", 
        "236": "nan", 
        "237": "nan", 
        "238": "nan", 
        "239": "nan", 
        "240": "nan", 
        "241": "nan", 
        "242": 0.285, 
        "243": 0.4, 
        "244": "nan", 
        "245": "nan", 
        "246": "nan", 
        "247": 0.275, 
        "248": "nan", 
        "249": 0.225, 
        "250": "nan", 
        "251": "nan", 
        "252": 0.27999999999999997, 
        "253": "nan", 
        "254": "nan", 
        "255": "nan", 
        "256": "nan", 
        "257": 0.295, 
        "258": "nan", 
        "259": 0.19999999999999998, 
        "260": "nan", 
        "261": "nan", 
        "262": "nan", 
        "263": "nan", 
        "264": "nan", 
        "265": 0.34, 
        "266": "nan", 
        "267": "nan", 
        "268": "nan", 
        "269": "nan", 
        "270": 0.26, 
        "271": 0.32, 
        "272": "nan", 
        "273": "nan", 
        "274": "nan", 
        "275": 0.22999999999999998, 
        "276": "nan", 
        "277": "nan", 
        "278": "nan", 
        "279": "nan", 
        "280": 0.27, 
        "281": "nan", 
        "282": "nan", 
        "283": 0.29, 
        "284": "nan", 
        "285": "nan", 
        "286": "nan", 
        "287": "nan", 
        "288": 0.425, 
        "289": "nan", 
        "290": "nan", 
        "291": "nan", 
        "292": 0.39, 
        "293": 0.31, 
        "294": "nan", 
        "295": "nan", 
        "296": "nan", 
        "297": 0.405, 
        "298": "nan", 
        "299": "nan", 
        "300": 0.325, 
        "301": "nan", 
        "302": "nan", 
        "303": "nan", 
        "304": "nan", 
        "305": 0.215, 
        "306": "nan", 
        "307": "nan", 
        "308": 0.265, 
        "309": 0.335, 
        "310": 0.26, 
        "311": "nan", 
        "312": "nan", 
        "313": "nan", 
        "314": "nan", 
        "315": "nan", 
        "316": 0.245, 
        "317": "nan", 
        "318": 0.235, 
        "319": "nan", 
        "320": "nan", 
        "321": "nan", 
        "322": "nan", 
        "323": "nan", 
        "324": "nan", 
        "325": "nan", 
        "326": "nan", 
        "327": 0.44, 
        "328": 0.225, 
        "329": "nan", 
        "330": 0.275, 
        "331": "nan", 
        "332": 0.26, 
        "333": "nan", 
        "334": 0.19999999999999998, 
        "335": "nan", 
        "336": "nan", 
        "337": "nan", 
        "338": "nan", 
        "339": 0.245, 
        "340": 0.26, 
        "341": 0.245, 
        "342": "nan", 
        "343": 0.235, 
        "344": 0.345, 
        "345": 0.42, 
        "346": "nan", 
        "347": "nan", 
        "348": 0.285, 
        "349": "nan", 
        "350": "nan", 
        "351": "nan", 
        "352": "nan", 
        "353": "nan", 
        "354": 0.24, 
        "355": 0.315, 
        "356": "nan", 
        "357": "nan", 
        "358": 0.195, 
        "359": 0.125, 
        "360": 0.125, 
        "361": 0.165, 
        "362": 0.15, 
        "363": 0.195, 
        "364": 0.115, 
        "365": 0.049999999999999996, 
        "366": "nan", 
        "367": 0.26, 
        "368": 0.1, 
        "369": 0.13, 
        "370": 0.13999999999999999, 
        "371": 0.060000000000000005, 
        "372": 0.095, 
        "373": 0.15, 
        "374": 0.08, 
        "375": 0.145, 
        "376": 0.155, 
        "377": 0.09000000000000001, 
        "378": 0.145, 
        "379": 0.19999999999999998, 
        "380": 0.19999999999999998, 
        "381": 0.085, 
        "382": 0.195, 
        "383": 0.145, 
        "384": 0.205, 
        "385": 0.08, 
        "386": 0.155, 
        "387": 0.175, 
        "388": 0.165, 
        "389": 0.10500000000000001, 
        "390": 0.19, 
        "391": 0.115, 
        "392": 0.16999999999999998, 
        "393": 0.165, 
        "394": 0.13499999999999998, 
        "395": 0.19, 
        "396": 0.13, 
        "397": 0.16, 
        "398": 0.235, 
        "399": 0.10500000000000001, 
        "400": 0.15, 
        "401": 0.165, 
        "402": 0.125, 
        "403": 0.095, 
        "404": 0.175, 
        "405": 0.1, 
        "406": 0.11, 
        "407": 0.185, 
        "408": 0.215, 
        "409": 0.1, 
        "410": 0.185, 
        "411": 0.19999999999999998, 
        "412": 0.19, 
        "413": 0.08, 
        "414": 0.12000000000000001, 
        "415": 0.065, 
        "416": 0.165, 
        "417": 0.16, 
        "418": 0.13, 
        "419": 0.15, 
        "420": 0.11, 
        "421": 0.13499999999999998, 
        "422": 0.18, 
        "423": 0.13, 
        "424": 0.1, 
        "425": 0.07, 
        "426": 0.155, 
        "427": 0.085, 
        "428": 0.060000000000000005, 
        "429": 0.095, 
        "430": 0.12000000000000001, 
        "431": 0.095, 
        "432": 0.185, 
        "433": 0.185, 
        "434": 0.21, 
        "435": 0.21, 
        "436": 0.07, 
        "437": 0.11, 
        "438": 0.185, 
        "439": 0.16, 
        "440": 0.145, 
        "441": "nan", 
        "442": "nan", 
        "443": 0.585, 
        "444": 0.16999999999999998, 
        "445": "nan", 
        "446": 0.325, 
        "447": "nan", 
        "448": 0.21, 
        "449": "nan", 
        "450": "nan", 
        "451": 0.5650000000000001, 
        "452": "nan", 
        "453": "nan", 
        "454": 0.22, 
        "455": "nan", 
        "456": "nan", 
        "457": 0.21, 
        "458": "nan", 
        "459": 0.26, 
        "460": 0.25, 
        "461": "nan", 
        "462": 0.24, 
        "463": "nan", 
        "464": 0.25, 
        "465": "nan", 
        "466": 0.33, 
        "467": "nan", 
        "468": "nan", 
        "469": "nan", 
        "470": "nan", 
        "471": "nan", 
        "472": "nan", 
        "473": 0.245, 
        "474": "nan", 
        "475": "nan", 
        "476": 0.25, 
        "477": 0.345, 
        "478": 0.24, 
        "479": "nan", 
        "480": "nan", 
        "481": "nan", 
        "482": "nan", 
        "483": "nan", 
        "484": "nan", 
        "485": "nan", 
        "486": 0.265, 
        "487": 0.27, 
        "488": "nan", 
        "489": "nan", 
        "490": "nan", 
        "491": 0.22, 
        "492": "nan", 
        "493": 0.255, 
        "494": "nan", 
        "495": "nan", 
        "496": "nan", 
        "497": "nan", 
        "498": 0.25, 
        "499": 0.33, 
        "500": "nan", 
        "501": 0.435, 
        "502": "nan", 
        "503": "nan", 
        "504": "nan", 
        "505": "nan", 
        "506": "nan", 
        "507": "nan", 
        "508": 0.27, 
        "509": 0.195, 
        "510": "nan", 
        "511": "nan", 
        "512": 0.24, 
        "513": 0.26, 
        "514": 0.24, 
        "515": "nan", 
        "516": "nan", 
        "517": "nan", 
        "518": "nan", 
        "519": "nan", 
        "520": "nan", 
        "521": "nan", 
        "522": 0.16999999999999998, 
        "523": 0.16, 
        "524": 0.19, 
        "525": 0.295, 
        "526": 0.185, 
        "527": 0.235, 
        "528": 0.265, 
        "529": "nan", 
        "530": "nan", 
        "531": 0.585, 
        "532": 0.195, 
        "533": "nan", 
        "534": "nan", 
        "535": "nan", 
        "536": "nan", 
        "537": "nan", 
        "538": 0.225, 
        "539": "nan", 
        "540": "nan", 
        "541": 0.155, 
        "542": 0.225, 
        "543": 0.34, 
        "544": 0.29, 
        "545": "nan", 
        "546": 0.175, 
        "547": "nan", 
        "548": 0.265, 
        "549": 0.225, 
        "550": "nan", 
        "551": "nan", 
        "552": "nan", 
        "553": "nan", 
        "554": "nan", 
        "555": 0.29, 
        "556": "nan", 
        "557": "nan", 
        "558": "nan", 
        "559": 0.36, 
        "560": "nan", 
        "561": "nan", 
        "562": "nan", 
        "563": "nan", 
        "564": "nan", 
        "565": "nan", 
        "566": "nan", 
        "567": "nan", 
        "568": "nan", 
        "569": "nan", 
        "570": "nan", 
        "571": "nan", 
        "572": "nan", 
        "573": "nan", 
        "574": "nan", 
        "575": "nan", 
        "576": "nan", 
        "577": "nan", 
        "578": "nan", 
        "579": "nan", 
        "580": "nan", 
        "581": "nan", 
        "582": "nan", 
        "583": "nan", 
        "584": "nan", 
        "585": "nan", 
        "586": "nan", 
        "587": 0.47, 
        "588": "nan", 
        "589": "nan", 
        "590": "nan", 
        "591": "nan", 
        "592": 0.445, 
        "593": "nan", 
        "594": "nan", 
        "595": "nan", 
        "596": "nan", 
        "597": "nan", 
        "598": "nan", 
        "599": "nan", 
        "600": "nan", 
        "601": "nan", 
        "602": "nan", 
        "603": "nan", 
        "604": "nan", 
        "605": "nan", 
        "606": "nan", 
        "607": "nan", 
        "608": "nan", 
        "609": "nan", 
        "610": "nan", 
        "611": "nan", 
        "612": "nan", 
        "613": "nan", 
        "614": "nan", 
        "615": "nan", 
        "616": "nan", 
        "617": 0.415, 
        "618": "nan", 
        "619": "nan", 
        "620": "nan", 
        "621": "nan", 
        "622": "nan", 
        "623": "nan", 
        "624": "nan", 
        "625": "nan", 
        "626": "nan", 
        "627": "nan", 
        "628": "nan", 
        "629": "nan", 
        "630": "nan", 
        "631": "nan", 
        "632": "nan", 
        "633": "nan", 
        "634": 0.275, 
        "635": "nan", 
        "636": "nan", 
        "637": "nan", 
        "638": "nan", 
        "639": "nan", 
        "640": "nan", 
        "641": "nan", 
        "642": "nan", 
        "643": "nan", 
        "644": "nan", 
        "645": "nan", 
        "646": "nan", 
        "647": "nan", 
        "648": "nan", 
        "649": "nan", 
        "650": "nan", 
        "651": 0.745, 
        "652": "nan", 
        "653": "nan", 
        "654": "nan", 
        "655": "nan", 
        "656": "nan", 
        "657": "nan"
    }
}