{
    "dataset_name": "current_02200nA_noEC", 
    "current": -2.2, 
    "fascicle_ap_counter": {
        "Fascicle_04": 66, 
        "Fascicle_05": 80, 
        "Fascicle_06": 83, 
        "Fascicle_00": 87, 
        "Fascicle_01": 82, 
        "Fascicle_02": 118, 
        "Fascicle_03": 84
    }, 
    "total_number_APs": 600, 
    "AP times": {
        "0": "nan", 
        "1": 0.29, 
        "2": 0.255, 
        "3": 0.155, 
        "4": 0.315, 
        "5": 0.165, 
        "6": 0.15, 
        "7": 0.19999999999999998, 
        "8": 0.22, 
        "9": 0.19999999999999998, 
        "10": 0.16999999999999998, 
        "11": 0.245, 
        "12": "nan", 
        "13": 0.21, 
        "14": "nan", 
        "15": 0.165, 
        "16": 0.16, 
        "17": "nan", 
        "18": 0.165, 
        "19": 0.295, 
        "20": 0.19, 
        "21": "nan", 
        "22": 0.295, 
        "23": 0.155, 
        "24": "nan", 
        "25": "nan", 
        "26": "nan", 
        "27": 0.205, 
        "28": 0.215, 
        "29": 0.475, 
        "30": 0.225, 
        "31": 0.25, 
        "32": 0.275, 
        "33": 0.185, 
        "34": 0.19, 
        "35": 0.13, 
        "36": 0.295, 
        "37": 0.225, 
        "38": "nan", 
        "39": 0.21, 
        "40": 0.16, 
        "41": 0.145, 
        "42": "nan", 
        "43": 0.155, 
        "44": 0.715, 
        "45": 0.195, 
        "46": 0.21, 
        "47": 0.215, 
        "48": 0.27, 
        "49": 0.155, 
        "50": "nan", 
        "51": 0.18, 
        "52": 0.415, 
        "53": 0.13, 
        "54": 0.265, 
        "55": 0.15, 
        "56": 0.185, 
        "57": "nan", 
        "58": 0.16, 
        "59": 0.425, 
        "60": 0.395, 
        "61": 0.175, 
        "62": 0.13499999999999998, 
        "63": 0.16999999999999998, 
        "64": 0.21, 
        "65": "nan", 
        "66": "nan", 
        "67": 0.145, 
        "68": "nan", 
        "69": "nan", 
        "70": 0.155, 
        "71": "nan", 
        "72": 0.365, 
        "73": 0.215, 
        "74": 0.295, 
        "75": 0.18, 
        "76": 0.24, 
        "77": "nan", 
        "78": "nan", 
        "79": 0.16, 
        "80": "nan", 
        "81": 0.245, 
        "82": "nan", 
        "83": 0.215, 
        "84": 0.175, 
        "85": 0.185, 
        "86": 0.22, 
        "87": 0.125, 
        "88": 0.16, 
        "89": 0.215, 
        "90": 0.165, 
        "91": "nan", 
        "92": 0.19, 
        "93": 0.165, 
        "94": 0.16999999999999998, 
        "95": 0.5650000000000001, 
        "96": 0.115, 
        "97": 0.155, 
        "98": 0.275, 
        "99": "nan", 
        "100": 0.19999999999999998, 
        "101": 0.18, 
        "102": 0.19, 
        "103": 0.165, 
        "104": "nan", 
        "105": "nan", 
        "106": "nan", 
        "107": 0.145, 
        "108": 0.13, 
        "109": 0.175, 
        "110": 0.16, 
        "111": 0.13499999999999998, 
        "112": 0.13499999999999998, 
        "113": 0.145, 
        "114": 0.18, 
        "115": 0.155, 
        "116": 0.305, 
        "117": "nan", 
        "118": 0.215, 
        "119": 0.175, 
        "120": 0.19999999999999998, 
        "121": 0.245, 
        "122": 0.32, 
        "123": 0.22999999999999998, 
        "124": "nan", 
        "125": 0.21, 
        "126": 0.365, 
        "127": 0.13, 
        "128": 0.325, 
        "129": 0.19, 
        "130": "nan", 
        "131": 0.19, 
        "132": "nan", 
        "133": 0.18, 
        "134": 0.215, 
        "135": 0.215, 
        "136": 0.18, 
        "137": 0.15, 
        "138": 0.125, 
        "139": 0.3, 
        "140": 0.155, 
        "141": 0.22999999999999998, 
        "142": 0.13, 
        "143": "nan", 
        "144": 0.255, 
        "145": 0.305, 
        "146": 0.155, 
        "147": 0.31, 
        "148": 0.555, 
        "149": 0.165, 
        "150": 0.175, 
        "151": 0.145, 
        "152": "nan", 
        "153": "nan", 
        "154": "nan", 
        "155": 0.13999999999999999, 
        "156": 0.215, 
        "157": 0.13, 
        "158": 0.195, 
        "159": 0.145, 
        "160": "nan", 
        "161": 0.175, 
        "162": 0.27, 
        "163": 0.18, 
        "164": "nan", 
        "165": 0.15, 
        "166": 0.22, 
        "167": 0.16, 
        "168": "nan", 
        "169": 0.33, 
        "170": 0.145, 
        "171": "nan", 
        "172": 0.13499999999999998, 
        "173": 0.185, 
        "174": 0.125, 
        "175": 0.165, 
        "176": 0.415, 
        "177": 0.22, 
        "178": 0.145, 
        "179": "nan", 
        "180": 0.165, 
        "181": 0.13999999999999999, 
        "182": 0.175, 
        "183": 0.185, 
        "184": 0.22999999999999998, 
        "185": 0.145, 
        "186": 0.12000000000000001, 
        "187": 0.07500000000000001, 
        "188": 0.235, 
        "189": 0.22999999999999998, 
        "190": 0.095, 
        "191": 0.175, 
        "192": 0.13499999999999998, 
        "193": 0.185, 
        "194": 0.125, 
        "195": 0.125, 
        "196": 0.16999999999999998, 
        "197": 0.145, 
        "198": 0.1, 
        "199": 0.19, 
        "200": 0.13999999999999999, 
        "201": 0.185, 
        "202": 0.37, 
        "203": 0.125, 
        "204": 0.265, 
        "205": 0.19999999999999998, 
        "206": 0.125, 
        "207": 0.08, 
        "208": 0.125, 
        "209": 0.115, 
        "210": 0.10500000000000001, 
        "211": 0.09000000000000001, 
        "212": 0.19999999999999998, 
        "213": 0.115, 
        "214": 0.16, 
        "215": 0.155, 
        "216": 0.16, 
        "217": 0.155, 
        "218": 0.275, 
        "219": 0.08, 
        "220": 0.085, 
        "221": 0.255, 
        "222": 0.085, 
        "223": 0.095, 
        "224": 0.085, 
        "225": 0.10500000000000001, 
        "226": 0.185, 
        "227": 0.13499999999999998, 
        "228": 0.13499999999999998, 
        "229": 0.13, 
        "230": 0.29, 
        "231": 0.26, 
        "232": 0.295, 
        "233": 0.11, 
        "234": 0.13499999999999998, 
        "235": 0.175, 
        "236": 0.21, 
        "237": 0.165, 
        "238": 0.18, 
        "239": 0.19, 
        "240": 0.15, 
        "241": 0.255, 
        "242": 0.12000000000000001, 
        "243": 0.13, 
        "244": 0.225, 
        "245": 0.225, 
        "246": 0.185, 
        "247": 0.13, 
        "248": 0.15, 
        "249": 0.095, 
        "250": 0.13999999999999999, 
        "251": 0.22999999999999998, 
        "252": 0.125, 
        "253": 0.16, 
        "254": 0.16999999999999998, 
        "255": 0.315, 
        "256": 0.19, 
        "257": 0.13499999999999998, 
        "258": 0.195, 
        "259": 0.095, 
        "260": 0.215, 
        "261": 0.16, 
        "262": 0.215, 
        "263": 0.19999999999999998, 
        "264": 0.13999999999999999, 
        "265": 0.12000000000000001, 
        "266": 0.13999999999999999, 
        "267": 0.27999999999999997, 
        "268": 0.155, 
        "269": 0.145, 
        "270": 0.11, 
        "271": 0.13, 
        "272": 0.145, 
        "273": 0.165, 
        "274": 0.15, 
        "275": 0.11, 
        "276": 0.24, 
        "277": "nan", 
        "278": 0.13999999999999999, 
        "279": "nan", 
        "280": 0.12000000000000001, 
        "281": 0.225, 
        "282": 0.13499999999999998, 
        "283": 0.125, 
        "284": 0.165, 
        "285": 0.13499999999999998, 
        "286": 0.515, 
        "287": 0.215, 
        "288": 0.12000000000000001, 
        "289": 0.245, 
        "290": 0.13999999999999999, 
        "291": 0.205, 
        "292": 0.12000000000000001, 
        "293": 0.13499999999999998, 
        "294": 0.18, 
        "295": 0.195, 
        "296": 0.16999999999999998, 
        "297": 0.13499999999999998, 
        "298": 0.155, 
        "299": 0.195, 
        "300": 0.13, 
        "301": 0.165, 
        "302": 0.15, 
        "303": 0.145, 
        "304": 0.235, 
        "305": 0.1, 
        "306": 0.385, 
        "307": 0.265, 
        "308": 0.125, 
        "309": 0.12000000000000001, 
        "310": 0.115, 
        "311": 0.255, 
        "312": 0.13999999999999999, 
        "313": 0.185, 
        "314": 0.215, 
        "315": 0.19, 
        "316": 0.11, 
        "317": 0.175, 
        "318": 0.11, 
        "319": 0.29, 
        "320": 0.13499999999999998, 
        "321": 0.185, 
        "322": "nan", 
        "323": 0.145, 
        "324": 0.31, 
        "325": 0.185, 
        "326": 0.15, 
        "327": 0.13499999999999998, 
        "328": 0.1, 
        "329": 0.175, 
        "330": 0.12000000000000001, 
        "331": 0.245, 
        "332": 0.12000000000000001, 
        "333": "nan", 
        "334": 0.095, 
        "335": 0.16, 
        "336": 0.155, 
        "337": 0.155, 
        "338": 0.185, 
        "339": 0.11, 
        "340": 0.115, 
        "341": 0.11, 
        "342": 0.18, 
        "343": 0.10500000000000001, 
        "344": 0.13999999999999999, 
        "345": 0.15, 
        "346": 0.155, 
        "347": 0.175, 
        "348": 0.115, 
        "349": 0.225, 
        "350": 0.155, 
        "351": 0.16, 
        "352": 0.22, 
        "353": 0.16, 
        "354": 0.115, 
        "355": 0.125, 
        "356": 0.15, 
        "357": 0.24, 
        "358": 0.095, 
        "359": 0.060000000000000005, 
        "360": 0.060000000000000005, 
        "361": 0.08, 
        "362": 0.07500000000000001, 
        "363": 0.09000000000000001, 
        "364": 0.055, 
        "365": 0.025, 
        "366": 0.13, 
        "367": 0.115, 
        "368": 0.049999999999999996, 
        "369": 0.065, 
        "370": 0.065, 
        "371": 0.025, 
        "372": 0.045, 
        "373": 0.07500000000000001, 
        "374": 0.04, 
        "375": 0.07, 
        "376": 0.08, 
        "377": 0.045, 
        "378": 0.07, 
        "379": 0.10500000000000001, 
        "380": 0.1, 
        "381": 0.04, 
        "382": 0.1, 
        "383": 0.07500000000000001, 
        "384": 0.10500000000000001, 
        "385": 0.04, 
        "386": 0.08, 
        "387": 0.085, 
        "388": 0.085, 
        "389": 0.049999999999999996, 
        "390": 0.1, 
        "391": 0.055, 
        "392": 0.085, 
        "393": 0.08, 
        "394": 0.07, 
        "395": 0.1, 
        "396": 0.065, 
        "397": 0.08, 
        "398": 0.12000000000000001, 
        "399": 0.055, 
        "400": 0.08, 
        "401": 0.085, 
        "402": 0.060000000000000005, 
        "403": 0.045, 
        "404": 0.08, 
        "405": 0.049999999999999996, 
        "406": 0.055, 
        "407": 0.085, 
        "408": 0.10500000000000001, 
        "409": 0.049999999999999996, 
        "410": 0.085, 
        "411": 0.10500000000000001, 
        "412": 0.1, 
        "413": 0.04, 
        "414": 0.055, 
        "415": 0.025, 
        "416": 0.08, 
        "417": 0.08, 
        "418": 0.065, 
        "419": 0.07500000000000001, 
        "420": 0.049999999999999996, 
        "421": 0.07, 
        "422": 0.09000000000000001, 
        "423": 0.065, 
        "424": 0.049999999999999996, 
        "425": 0.03, 
        "426": 0.07500000000000001, 
        "427": 0.04, 
        "428": 0.03, 
        "429": 0.049999999999999996, 
        "430": 0.060000000000000005, 
        "431": 0.045, 
        "432": 0.095, 
        "433": 0.09000000000000001, 
        "434": 0.1, 
        "435": 0.10500000000000001, 
        "436": 0.034999999999999996, 
        "437": 0.055, 
        "438": 0.095, 
        "439": 0.08, 
        "440": 0.07500000000000001, 
        "441": 0.165, 
        "442": 0.155, 
        "443": 0.13499999999999998, 
        "444": 0.08, 
        "445": 0.16, 
        "446": 0.13, 
        "447": 0.19999999999999998, 
        "448": 0.1, 
        "449": 0.285, 
        "450": 0.125, 
        "451": 0.155, 
        "452": 0.185, 
        "453": 0.475, 
        "454": 0.1, 
        "455": 0.205, 
        "456": 0.245, 
        "457": 0.1, 
        "458": 0.16999999999999998, 
        "459": 0.11, 
        "460": 0.115, 
        "461": 0.165, 
        "462": 0.115, 
        "463": 0.16999999999999998, 
        "464": 0.115, 
        "465": 0.185, 
        "466": 0.13, 
        "467": 0.26, 
        "468": 0.22, 
        "469": 0.16, 
        "470": 0.145, 
        "471": 0.35, 
        "472": 0.16999999999999998, 
        "473": 0.11, 
        "474": 0.19999999999999998, 
        "475": 0.18, 
        "476": 0.115, 
        "477": 0.145, 
        "478": 0.11, 
        "479": 0.155, 
        "480": 0.19999999999999998, 
        "481": 0.145, 
        "482": 0.165, 
        "483": 0.16, 
        "484": 0.16, 
        "485": 0.13999999999999999, 
        "486": 0.115, 
        "487": 0.13, 
        "488": 0.19, 
        "489": 0.255, 
        "490": 0.19999999999999998, 
        "491": 0.09000000000000001, 
        "492": 0.13999999999999999, 
        "493": 0.12000000000000001, 
        "494": 0.15, 
        "495": 0.205, 
        "496": 0.13499999999999998, 
        "497": 0.35, 
        "498": 0.125, 
        "499": 0.13, 
        "500": 0.215, 
        "501": 0.13, 
        "502": 0.19, 
        "503": 0.15, 
        "504": 0.13999999999999999, 
        "505": 0.165, 
        "506": 0.13999999999999999, 
        "507": 0.225, 
        "508": 0.12000000000000001, 
        "509": 0.095, 
        "510": 0.15, 
        "511": 0.185, 
        "512": 0.115, 
        "513": 0.115, 
        "514": 0.10500000000000001, 
        "515": 0.16999999999999998, 
        "516": 0.16999999999999998, 
        "517": 0.16999999999999998, 
        "518": 0.26, 
        "519": 0.175, 
        "520": 0.16999999999999998, 
        "521": 0.245, 
        "522": 0.08, 
        "523": 0.07500000000000001, 
        "524": 0.09000000000000001, 
        "525": 0.125, 
        "526": 0.09000000000000001, 
        "527": 0.11, 
        "528": 0.12000000000000001, 
        "529": 0.13999999999999999, 
        "530": 0.21, 
        "531": 0.15, 
        "532": 0.09000000000000001, 
        "533": 0.225, 
        "534": 0.21, 
        "535": 0.165, 
        "536": 0.13999999999999999, 
        "537": 0.385, 
        "538": 0.11, 
        "539": 0.265, 
        "540": 0.165, 
        "541": 0.07, 
        "542": 0.10500000000000001, 
        "543": 0.13999999999999999, 
        "544": 0.13499999999999998, 
        "545": 0.215, 
        "546": 0.085, 
        "547": 0.19, 
        "548": 0.125, 
        "549": 0.11, 
        "550": 0.175, 
        "551": 0.195, 
        "552": 0.155, 
        "553": 0.13999999999999999, 
        "554": 0.15, 
        "555": 0.125, 
        "556": 0.21, 
        "557": 0.145, 
        "558": 0.16, 
        "559": 0.125, 
        "560": 0.18, 
        "561": 0.175, 
        "562": "nan", 
        "563": 0.145, 
        "564": 0.145, 
        "565": 0.155, 
        "566": 0.13999999999999999, 
        "567": 0.34, 
        "568": "nan", 
        "569": 0.155, 
        "570": 0.175, 
        "571": 0.22999999999999998, 
        "572": 0.22999999999999998, 
        "573": 0.175, 
        "574": "nan", 
        "575": 0.205, 
        "576": 0.455, 
        "577": 0.205, 
        "578": "nan", 
        "579": 0.18, 
        "580": 0.205, 
        "581": 0.185, 
        "582": 0.18, 
        "583": 0.335, 
        "584": 0.235, 
        "585": 0.13499999999999998, 
        "586": 0.155, 
        "587": 0.12000000000000001, 
        "588": "nan", 
        "589": 0.22, 
        "590": 0.19, 
        "591": 0.16999999999999998, 
        "592": 0.13, 
        "593": 0.13999999999999999, 
        "594": 0.19, 
        "595": 0.155, 
        "596": 0.16, 
        "597": 0.26, 
        "598": 0.345, 
        "599": 0.25, 
        "600": 0.15, 
        "601": "nan", 
        "602": 0.175, 
        "603": 0.175, 
        "604": 0.215, 
        "605": 0.185, 
        "606": 0.13999999999999999, 
        "607": 0.265, 
        "608": 0.195, 
        "609": 0.16, 
        "610": 0.165, 
        "611": 0.16999999999999998, 
        "612": 0.47, 
        "613": 0.32, 
        "614": "nan", 
        "615": 0.155, 
        "616": "nan", 
        "617": 0.13999999999999999, 
        "618": 0.235, 
        "619": 0.24, 
        "620": 0.15, 
        "621": 0.16999999999999998, 
        "622": "nan", 
        "623": 0.16999999999999998, 
        "624": 0.16999999999999998, 
        "625": 0.41, 
        "626": 0.155, 
        "627": 0.175, 
        "628": "nan", 
        "629": 0.27, 
        "630": 0.15, 
        "631": 0.185, 
        "632": 0.155, 
        "633": 0.15, 
        "634": 0.125, 
        "635": "nan", 
        "636": 0.185, 
        "637": 0.255, 
        "638": 0.375, 
        "639": "nan", 
        "640": "nan", 
        "641": 0.16999999999999998, 
        "642": "nan", 
        "643": "nan", 
        "644": 0.16, 
        "645": 0.26, 
        "646": 0.19, 
        "647": 0.15, 
        "648": 0.295, 
        "649": 0.165, 
        "650": 0.27999999999999997, 
        "651": 0.13, 
        "652": 0.21, 
        "653": 0.265, 
        "654": 0.245, 
        "655": 0.155, 
        "656": 0.13, 
        "657": 0.22
    }
}